[
    {"codigo":1, "foto":"https://thumb.pccomponentes.com/w-530-530/articles/13/137320/1373200.jpg","nombre":"HP Notebook 250","categoria":"Portatil", "precio":599,"stock":10,"descripcion":"Afronta todas tus tareas diarias con un portátil asequible que viene equipado con todas las características que necesitas. Obtén toda la potencia que deseas con el portátil HP Notebook 250 G6."},
    {"codigo":2, "foto":"https://img.pccomponentes.com/articles/13/136950/1369500.jpg","nombre":"MSI GL62M 7RDX-1655XES","categoria":"Portatil", "precio":999,"stock":2,"descripcion":"Te presentamos el portátil GL62M 7RDX-1656XES de MSI. Prepárate para sentir todo el poder del juego con este potente ordenador portátil de MSI. Un portátil Gaming dotado con un procesador Intel Core i7, 8GB de RAM, 1TB de almacenamiento con un disco duro SSD de 256GB, y todo bajo una potente gráfica NVIDIA GeForce GTX 1050 4GB GDDR5."},
    {"codigo":3, "foto":"https://thumb.pccomponentes.com/w-530-530/articles/14/146382/l1-copia.jpg","nombre":"HP 15-BS512NS","categoria":"Portatil", "precio":609,"stock":9,"descripcion":"Realiza todas las tareas diarias con éxito utilizando un portátil elegante creado para mantenerte conectado, el HP 15-BS512NS, así como para llevar a cabo tus actividades habituales. Con un rendimiento fiable y una batería de larga duración puedes navegar, transmitir datos y mantenerte en contacto con lo que más te preocupa de forma sencilla."},
    {"codigo":4, "foto":"https://thumb.pccomponentes.com/w-530-530/articles/14/141593/1.jpg","nombre":"Lenovo Ideapad 320-15ISK","categoria":"Portatil", "precio":429,"stock":5,"descripcion":"Te presentamos el Ideapad 320-15ISK de Lenovo. Un ordenador portátil con procesador Intel Core i3, 4GB de memoria RAM, 500 GB de disco duro."},
    {"codigo":5, "foto":"https://thumb.pccomponentes.com/w-530-530/articles/13/138194/1381940.jpg","nombre":"MSI GS63 7RE-095XES Stealth Pro","categoria":"Portatil", "precio":1399,"stock":2,"descripcion":"Te presentamos el portátil GS63 7RE-095XES de MSI, un portátil gaming con procesador Intel Core i7, 16GB de RAM, 1TB de disco duro más 256GB de SSD y gráfica Nvidia GeForce GTX 1050Ti."},
    {"codigo":6, "foto":"https://thumb.pccomponentes.com/w-530-530/articles/13/134647/1346470.jpg","nombre":"Medion Akoya MD60690","categoria":"Ultrabook", "precio":255,"stock":15,"descripcion":"Te presentamos el ordenador portátil  MD60690 de Medion, un ordenador con procesador x5-Z8350, 4GB de Ram y 64GB de disco duro. Una tablet! O mejor un portátil? Con el MEDION® AKOYA® MD60690 tendrás los dos dispositivos en uno, ya que puede utilizarse como portátil y, con un rápido movimiento de la mano, convertido en una tablet de 11.6"},
    {"codigo":7, "foto":"https://thumb.pccomponentes.com/w-530-530/articles/13/132745/mbp13-space-gallery2-201610-geo-es-gimp.jpg","nombre":"Apple MacBook Pro","categoria":"Ultrabook", "precio":1379,"stock":3,"descripcion":"Te presentamos el nuevo MacBook Pro 13 de Apple, una nueva maravilla de portátil, con procesador Intel Core i5 de doble núcleo a 2.3 GHz, 8GB de RAM LPDDR3 integrada a 2.133 MHz y 128 GB de disco SSD PCIe integrado. Es más rápido y potente que antes, pero más fino y ligero que nunca. Tiene la pantalla con más color y brillo jamás vista en un portátil Mac."},
    {"codigo":8, "foto":"https://thumb.pccomponentes.com/w-530-530/articles/13/134628/61dttnsuwul-sl1024.jpg","nombre":"Medion Akoya MD60685","categoria":"Ultrabook", "precio":216,"stock":18,"descripcion":"Te presentamos el ordenador portátil  MD60685 de Medion, un ordenador con procesador x5-Z8350, 2 GB de Ram y 32GB de disco duro. Una tablet! O mejor un portátil? Con el MEDION® AKOYA® MD60685 tendrás los dos dispositivos en uno, ya que puede utilizarse como portátil y, con un rápido movimiento de la mano, convertido en una tablet de 11.6"},
    {"codigo":9, "foto":"https://thumb.pccomponentes.com/w-530-530/articles/14/145646/d2.jpg","nombre":"HP Pavilion Desktop 570-P066NS","categoria":"Sobremesa", "precio":599,"stock":4,"descripcion":"Mientras que el desarrollo de otras torres ha sido detenido, HP ha revolucionado esta categoría. Desde su diseño atractivo y ahorrador de espacio, hasta su pleno rendimiento y fiabilidad, este HP Pavilion 570-p066ns es lo mejor que ha pasado en el campo de las torres en más de 20 años."},
    {"codigo":10,"foto":"https://img.pccomponentes.com/articles/10/105716/105716.jpg","nombre":"HP 260-a108ns","categoria":"Sobremesa", "precio":235,"stock":10,"descripcion":"Supera tu día de trabajo con el almacenamiento ampliado, el procesador Intel® o AMD, un diseño más pequeño y la fiabilidad probada de esta torre HP rediseñada. Encontrar una torre asequible con el rendimiento que necesitas y la marca en la que confías ahora es más fácil."},
    {"codigo":11,"foto":"https://thumb.pccomponentes.com/w-530-530/articles/10/105719/105719.jpg","nombre":"HP 260-P103NS","categoria":"Sobremesa", "precio":339,"stock":17,"descripcion":"Supera tu día de trabajo con el almacenamiento ampliado, el procesador Intel® o AMD, un diseño más pequeño y la fiabilidad probada de esta torre HP rediseñada. Encontrar una torre asequible con el rendimiento que necesitas y la marca en la que confías ahora es más fácil."},
    {"codigo":12,"foto":"https://thumb.pccomponentes.com/w-530-530/articles/13/138881/1.jpg","nombre":"Xiaomi Mi A1","categoria":"Smartphone", "precio":229,"stock":20,"descripcion":"Te presentamos el smartphone Xiaomi Mi A1 con 4GB de RAM y 64GB de almacenamiento"},
    {"codigo":13,"foto":"https://thumb.pccomponentes.com/w-530-530/articles/10/100964/1.jpg","nombre":"Huawei P9 Lite","categoria":"Smartphone", "precio":169,"stock":7,"descripcion":"El smartphone Huawei P9 3GB Lite blanco es el nuevo miembro de la familia Huawei, la marca de móviles libres que se ha hecho un hueco en el mercado gracias a su buen hacer, móviles de calidad y excelente relación calidad/precio."},
    {"codigo":14,"foto":"https://thumb.pccomponentes.com/w-530-530/articles/9/96691/samsung-j3-4g-negro-libre.jpg","nombre":"Samsung Galaxy J3","categoria":"Smartphone", "precio":129,"stock":20,"descripcion":"En concreto, el Samsung J3 cuenta con una pantalla de 5 pulgadas AMOLED con resolución HD que cobra vida con un procesador Quad-Core a 1.2GHz y 1.5GB de RAM."},
    {"codigo":15,"foto":"https://thumb.pccomponentes.com/w-530-530/articles/12/121930/1.jpg","nombre":"Motorola Moto G5","categoria":"Smartphone", "precio":189,"stock":9,"descripcion":"Ten más por menos con el Moto G5. No vuelvas a preocuparte por el almacenamiento. El Moto G cuenta con 16 GB de memoria interna a la que puedes añadir fácilmente hasta 128 GB mediante una tarjeta microSD opcional. Podrás disfrutar de una multitarea fluida con el rápido procesador de ocho núcleos y velocidad 4G."},
    {"codigo":16,"foto":"https://thumb.pccomponentes.com/w-530-530/articles/13/132138/l1.jpg","nombre":"Samsung Galaxy J5 2017","categoria":"Smartphone", "precio":229,"stock":2,"descripcion":"La mezcla perfecta de estilo y funcionalidad. Diseñado con la máxima atención al detalle, el nuevo Samsung Galaxy J5 2017 tiene un acabado metálico totalmente uniforme y sin protuberancias para ofrecerte el mejor agarre, así como un cristal 2.5D con el que proteger su pantalla HD de 5,2” Super AMOLED."},
    {"codigo":17,"foto":"https://thumb.pccomponentes.com/w-530-530/articles/13/138272/b0.jpg","nombre":"Leotec Supernova i8 10.1","categoria":"Tablet", "precio":80,"stock":8,"descripcion":"Gracias a su extraordinario panel de alta resolución HD, la Leotec Supernova i8 es capaz de ofrecer imágenes mucho más realísticas con un nivel de saturación y brillo espectaculares tanto en interiores como en exteriores gracias a la incorporación del acabado IPS y una resolución superior que alcanza los 1280 x 800 píxeles."},
    {"codigo":18,"foto":"https://thumb.pccomponentes.com/w-530-530/articles/14/147358/b1.jpg","nombre":"Samsung Galaxy Tab A 10.1","categoria":"Tablet", "precio":300,"stock":11,"descripcion":"Con su cámara de 8MP fotografía incluso en condiciones de poca luz gracias a la cámara trasera de 8 megapíxeles AF f/1.9 o deja volar tu lado creativo con las opciones HDR y el modo Pro."},
    {"codigo":19,"foto":"https://thumb.pccomponentes.com/w-530-530/articles/13/137852/lenovo-tab-4.jpg","nombre":"Lenovo TB-X103F 10.1","categoria":"Tablet", "precio":140,"stock":2,"descripcion":"Un tablet para toda la familia. Desde entretener a los niños hasta crear presentaciones clave, el Tab TB-X103F resulta ideal para toda la familia. Este dispositivo elegante pero robusto ofrece un rendimiento óptimo, una pantalla de 10,1”, sonido envolvente y una batería de larga duración. El Tab TB-X103F puede ser un tablet adecuado para niños o un 2 en 1 más productivo."},
    {"codigo":20,"foto":"https://thumb.pccomponentes.com/w-530-530/articles/14/147066/b1.jpg","nombre":"Samsung UE55MU6125 55","categoria":"Television", "precio":599,"stock":15,"descripcion":"Samsung UE55MU6125 es el verdadero televisor UHD 4K. Disfrute de todo el realismo hasta el más mínimo detalle con 4 veces la resolución del televisor Full HD. Con Ultra HD, su contenido será aún más agradable gracias a colores y brillo increíblemente realistas."},
    {"codigo":21,"foto":"https://thumb.pccomponentes.com/w-530-530/articles/12/126216/1262160.jpg","nombre":"LG 43UJ634V 43","categoria":"Television", "precio":399,"stock":11,"descripcion":"Te presentamos la Serie 6 de LG, con su modelo 43UJ634V, un televisor con pantalla de 43 LED IPS y resolución UltraDH 4K."},
    {"codigo":22,"foto":"https://thumb.pccomponentes.com/w-530-530/articles/13/139163/a1.jpg","nombre":"Philips 24PFT4022/12 24","categoria":"Television", "precio":132,"stock":31,"descripcion":"Concebido para la diversión, el televisor Philips 4000 lleva la imagen de alta calidad a la pantalla pequeña. Este modelo cuenta con un diseño compacto que permite transportarlo cómodamente y sin complicaciones de una habitación a otra, al tiempo que el estilo minimalista lo convierte en un elemento acogedor en cualquier lugar que lo coloques."}
]